{
  "model": "Logistic Regression",
  "accuracy": 0.5968688845401174,
  "precision": 0.09417040358744394,
  "recall": 0.84,
  "f1": 0.1693548387096774,
  "roc_auc": 0.8351028806584363,
  "tn": 568,
  "fp": 404,
  "fn": 8,
  "tp": 42,
  "threshold": 0.3,
  "n_train": 4087,
  "n_test": 1022,
  "n_smote_pos": 3888,
  "n_smote_neg": 3888
}